name,domain,email,phone,country,website,industry,catch_phrase,employees_count,founded_year,employees_bucket
Rios Ltd,bernard.com,info@bernard.com,001-579-764-7408x475,Malawi,https://bernard.com,Mesh,Optional foreground standardization,1706,2001,1000+
Davies LLC,knight.com,info@knight.com,(247)655-3003x258,Tokelau,https://knight.com,Utilize,Decentralized modular service-desk,1040,1971,1000+
"Smith, Sanders and Golden",jenkins.info,info@jenkins.info,+1-215-792-3751x1354,France,https://jenkins.info,Strategize,Vision-oriented full-range product,3150,2019,1000+
"Underwood, Daniel and Sanchez",ramirez.org,info@ramirez.org,514.524.7627,Somalia,https://ramirez.org,Envisioneer,Diverse clear-thinking alliance,1670,1983,1000+
"Lutz, Mccormick and Owen",smith.com,info@smith.com,+1-911-999-1274x7378,Guatemala,https://smith.com,Incubate,Face-to-face fault-tolerant synergy,506,2021,100–999
Mitchell-Williams,mejia-smith.biz,info@mejia-smith.biz,001-573-449-1052,Ghana,https://mejia-smith.biz,Harness,Versatile background collaboration,4012,2001,1000+
"Gonzalez, Martin and Olson",calhoun-huerta.com,info@calhoun-huerta.com,+1-581-394-3703x80325,Micronesia,https://calhoun-huerta.com,Deliver,User-centric regional access,3429,1973,1000+
"Brown, Levine and Kelly",norton-lynn.com,info@norton-lynn.com,(701)805-1600x92376,El Salvador,https://norton-lynn.com,Disintermediate,Operative zero-defect functionalities,4554,1987,1000+
Jordan and Sons,acosta.com,info@acosta.com,517-862-8265,Tonga,https://acosta.com,Utilize,Secured encompassing open system,2071,2016,1000+
"Snyder, Jackson and Bradford",brooks-mccullough.com,info@brooks-mccullough.com,759.644.1068,Turkmenistan,https://brooks-mccullough.com,Drive,Down-sized bi-directional definition,1387,2002,1000+
Graham-Perry,cuevas-buckley.com,info@cuevas-buckley.com,+1-340-842-0970x205,Sweden,https://cuevas-buckley.com,Embrace,Pre-emptive non-volatile monitoring,843,1974,100–999
Flynn Ltd,zavala-thomas.info,info@zavala-thomas.info,(203)437-1557,Seychelles,https://zavala-thomas.info,Re-intermediate,Profit-focused content-based utilization,3539,1974,1000+
Davis-Lucas,rose.com,info@rose.com,4763821310,Israel,https://rose.com,Syndicate,Monitored motivating attitude,3470,2019,1000+
Rojas Inc,watson.info,info@watson.info,324.929.6400x395,Equatorial Guinea,https://watson.info,Revolutionize,User-friendly grid-enabled forecast,571,1980,100–999
Delgado-Underwood,reyes-anderson.info,info@reyes-anderson.info,(605)479-5486x377,Ecuador,https://reyes-anderson.info,Maximize,Adaptive neutral moderator,2514,1990,1000+
Perry and Sons,turner-braun.com,info@turner-braun.com,356.884.5193x044,Germany,https://turner-braun.com,Leverage,Self-enabling neutral pricing structure,925,1989,100–999
Torres PLC,coleman-carter.com,info@coleman-carter.com,+1-784-636-0097,Netherlands,https://coleman-carter.com,Engage,Digitized human-resource strategy,1907,1983,1000+
"Vasquez, Goodman and Foster",weber-benitez.com,info@weber-benitez.com,001-466-773-3318x49416,Switzerland,https://weber-benitez.com,Iterate,Centralized attitude-oriented success,1524,2022,1000+
Lyons-Mcbride,grant.com,info@grant.com,627-403-6380x424,Grenada,https://grant.com,Re-intermediate,Cloned disintermediate methodology,1993,1986,1000+
Wallace-Horton,roberson-williams.info,info@roberson-williams.info,001-421-202-9219x051,Uganda,https://roberson-williams.info,Extend,Assimilated secondary algorithm,1925,2006,1000+
Mosley-Mullen,waters.net,info@waters.net,+1-765-993-4116x204,Saint Pierre and Miquelon,https://waters.net,Deliver,Integrated human-resource secured line,954,1979,100–999
Lee Group,rice.biz,info@rice.biz,622-889-9190,Turkey,https://rice.biz,Reinvent,Assimilated contextually-based function,3022,1995,1000+
"Sellers, Santos and Miller",gregory-webster.org,info@gregory-webster.org,883.571.8631x678,Djibouti,https://gregory-webster.org,Redefine,De-engineered scalable methodology,1710,1970,1000+
Bond Inc,daugherty-hines.org,info@daugherty-hines.org,5597170747,Mozambique,https://daugherty-hines.org,Seize,Ergonomic high-level conglomeration,2328,2000,1000+
"Andrade, Pollard and Ellis",peterson-lewis.org,info@peterson-lewis.org,(427)277-5263,Malta,https://peterson-lewis.org,Re-intermediate,Extended next generation array,581,2016,100–999
Wright LLC,barton.info,info@barton.info,532-289-1485x584,Haiti,https://barton.info,Synergize,Cloned 24hour projection,1166,1975,1000+
"Martin, Moore and Benton",gonzalez-martinez.com,info@gonzalez-martinez.com,521.896.2771x496,Aruba,https://gonzalez-martinez.com,Streamline,Visionary object-oriented concept,4440,2008,1000+
"Carroll, Jones and Park",schmidt.org,info@schmidt.org,899-443-9055x28140,Dominica,https://schmidt.org,Strategize,Phased interactive budgetary management,4784,2013,1000+
Rice PLC,gray.com,info@gray.com,001-722-477-8192x252,Solomon Islands,https://gray.com,Benchmark,Visionary non-volatile throughput,1872,2008,1000+
Rosario-Wright,young-cain.com,info@young-cain.com,2566996915,Poland,https://young-cain.com,Brand,Persistent upward-trending support,743,1984,100–999
Cooke-Shah,daugherty.biz,info@daugherty.biz,691.259.7466,Canada,https://daugherty.biz,Extend,Reduced analyzing benchmark,3686,2018,1000+
Harris Inc,owens-lawson.org,info@owens-lawson.org,650-728-8766x6924,France,https://owens-lawson.org,Synergize,Synergized bifurcated attitude,4633,2024,1000+
"Thompson, Williams and Spencer",wong.com,info@wong.com,353.498.2238x0945,Armenia,https://wong.com,Generate,Grass-roots actuating matrices,4621,1991,1000+
Travis PLC,rodriguez-middleton.com,info@rodriguez-middleton.com,283.406.1525x9042,Gambia,https://rodriguez-middleton.com,Visualize,Seamless background paradigm,146,2024,100–999
Murray and Sons,cox.com,info@cox.com,610.228.5413x08061,Yemen,https://cox.com,Re-intermediate,Optimized needs-based protocol,4594,2020,1000+
Williams-Tate,swanson.biz,info@swanson.biz,(675)783-8646,Niger,https://swanson.biz,Synergize,Expanded object-oriented framework,3506,2017,1000+
Osborn-Moreno,baker-blackburn.com,info@baker-blackburn.com,(774)470-2037x5332,Micronesia,https://baker-blackburn.com,Transform,Re-engineered eco-centric artificial intelligence,3217,2021,1000+
"Martin, Cline and Williams",morales-schwartz.com,info@morales-schwartz.com,(592)425-3759x4180,Sri Lanka,https://morales-schwartz.com,Transform,Down-sized content-based matrix,2291,2010,1000+
Dillon Group,mcpherson.net,info@mcpherson.net,+1-524-910-8638x0441,Ecuador,https://mcpherson.net,Incubate,Integrated demand-driven support,3654,1990,1000+
Morales-Cruz,chapman-pearson.com,info@chapman-pearson.com,852.431.8167x9134,Argentina,https://chapman-pearson.com,Strategize,Networked national system engine,3530,2004,1000+
Wong PLC,faulkner-johnson.com,info@faulkner-johnson.com,(565)673-6336,Lithuania,https://faulkner-johnson.com,Synthesize,Upgradable 24/7 Local Area Network,3562,1985,1000+
Brooks LLC,johnson.net,info@johnson.net,5732677326,Spain,https://johnson.net,Implement,Operative mission-critical encryption,2339,2004,1000+
"Moore, Bonilla and Turner",flores-norman.net,info@flores-norman.net,+1-267-877-8019x39376,Norway,https://flores-norman.net,Facilitate,Streamlined methodical conglomeration,1830,1975,1000+
Smith-Allen,nunez.info,info@nunez.info,614.718.3046,Namibia,https://nunez.info,Aggregate,Re-contextualized background synergy,4818,1992,1000+
Cummings Ltd,wright.org,info@wright.org,(795)868-9075,Ghana,https://wright.org,Optimize,Focused fresh-thinking definition,4463,2002,1000+
"Ingram, Guzman and Peterson",rogers-stanley.biz,info@rogers-stanley.biz,434-378-2824,Sri Lanka,https://rogers-stanley.biz,Disintermediate,User-centric hybrid toolset,597,1993,100–999
"Hopkins, Garcia and Hill",evans-may.biz,info@evans-may.biz,635.873.3674x72059,Kyrgyz Republic,https://evans-may.biz,Empower,Universal analyzing framework,419,1984,100–999
Cooper-Garcia,russell.com,info@russell.com,+1-239-465-6629,Eritrea,https://russell.com,Re-intermediate,Streamlined directional moderator,447,1975,100–999
Parsons Group,christian.com,info@christian.com,001-383-977-9619x566,San Marino,https://christian.com,Deliver,Profit-focused reciprocal success,4952,1977,1000+
Sherman Group,mullins.com,info@mullins.com,(619)477-9136x212,Norway,https://mullins.com,Drive,Cross-group executive open system,1787,1988,1000+
Cummings Group,nichols.com,info@nichols.com,6293181180,Palestinian Territory,https://nichols.com,Aggregate,Cloned composite access,1392,2014,1000+
Hawkins-Welch,gomez.com,info@gomez.com,9353469528,British Virgin Islands,https://gomez.com,Innovate,User-friendly bi-directional intranet,128,2019,100–999
Butler and Sons,barnes.org,info@barnes.org,992.386.5179,Korea,https://barnes.org,Brand,Face-to-face multimedia superstructure,4210,1997,1000+
Green-English,huynh-smith.net,info@huynh-smith.net,512-498-9303x5315,Angola,https://huynh-smith.net,Unleash,Multi-channeled actuating encryption,2997,1987,1000+
Rice-King,peterson.com,info@peterson.com,671.955.0733x7689,Oman,https://peterson.com,Brand,Public-key object-oriented capacity,4006,1976,1000+
"Smith, Delacruz and Reese",gomez-morris.info,info@gomez-morris.info,713.957.9148,Senegal,https://gomez-morris.info,Implement,Business-focused multimedia benchmark,3609,2006,1000+
"Baker, Vasquez and Cruz",phillips-graham.biz,info@phillips-graham.biz,(951)859-1744,Uruguay,https://phillips-graham.biz,Repurpose,Optional clear-thinking adapter,3670,2001,1000+
"Howell, Fisher and Oconnell",aguilar.com,info@aguilar.com,932-712-0689x8984,Samoa,https://aguilar.com,Repurpose,Operative secondary strategy,2530,2009,1000+
"Ayala, Walker and Cooper",bradley-richards.com,info@bradley-richards.com,001-427-536-2518x340,Saudi Arabia,https://bradley-richards.com,Brand,Integrated dynamic secured line,4185,2008,1000+
Fitzpatrick-Wilson,rodriguez.com,info@rodriguez.com,+1-897-455-1575,Romania,https://rodriguez.com,Aggregate,Enterprise-wide multi-state Graphical User Interface,2825,2019,1000+
Wright Group,osborn-lopez.com,info@osborn-lopez.com,803.649.7290x396,Lithuania,https://osborn-lopez.com,Productize,Pre-emptive impactful time-frame,3391,2001,1000+
"Ryan, Terry and Hayes",church.net,info@church.net,(542)867-0347x25876,Kiribati,https://church.net,Transform,Pre-emptive next generation Internet solution,2738,1997,1000+
"Dougherty, Allen and Williams",lewis.com,info@lewis.com,359-451-1073x635,Burundi,https://lewis.com,Revolutionize,Multi-channeled 6thgeneration superstructure,4100,2007,1000+
Rodriguez-Dominguez,ramirez-thomas.biz,info@ramirez-thomas.biz,9974289100,Greenland,https://ramirez-thomas.biz,Iterate,Polarized motivating core,1603,2008,1000+
Velazquez Inc,murray.biz,info@murray.biz,239.307.0126,Somalia,https://murray.biz,Disintermediate,Compatible tertiary software,4602,1982,1000+
Jimenez-Hill,mitchell.com,info@mitchell.com,3279742260,Philippines,https://mitchell.com,Empower,Multi-lateral uniform attitude,4898,2000,1000+
"Davies, Lloyd and Humphrey",miles.com,info@miles.com,(266)965-2687x942,Namibia,https://miles.com,Re-intermediate,Reduced explicit frame,4366,1977,1000+
Mcguire LLC,flores.info,info@flores.info,339-456-7226,Belgium,https://flores.info,E-enable,Decentralized systematic orchestration,4382,1970,1000+
Lopez Inc,little.info,info@little.info,(646)780-0847x8903,Paraguay,https://little.info,Brand,Fundamental optimizing synergy,1497,1997,1000+
Cowan-Perry,turner.com,info@turner.com,001-229-541-1909,Niue,https://turner.com,Aggregate,Organized homogeneous Graphic Interface,2791,1987,1000+
"Roberts, Olsen and Phillips",dyer.info,info@dyer.info,001-930-345-2874x26784,Nigeria,https://dyer.info,Implement,Exclusive context-sensitive collaboration,2348,2009,1000+
Kelly-Cox,moore.com,info@moore.com,+1-576-631-9055,Pakistan,https://moore.com,Morph,Automated zero-defect customer loyalty,576,2022,100–999
Hall-Daniel,hines-davis.com,info@hines-davis.com,736-994-2617,Palestinian Territory,https://hines-davis.com,Seize,Decentralized neutral architecture,748,1983,100–999
"Torres, Caldwell and Martin",adams.net,info@adams.net,6565109748,Costa Rica,https://adams.net,Envisioneer,Multi-tiered encompassing archive,124,1997,100–999
Mcdaniel-Fuentes,morgan.com,info@morgan.com,593-427-5408x7282,Iraq,https://morgan.com,Visualize,Open-source system-worthy process improvement,740,2018,100–999
Hanson PLC,jenkins-ruiz.net,info@jenkins-ruiz.net,+1-999-245-2961x0353,Kazakhstan,https://jenkins-ruiz.net,Engage,Secured multi-state moratorium,570,1978,100–999
Bartlett-Shelton,wright.info,info@wright.info,240.962.0953,Poland,https://wright.info,Cultivate,Team-oriented 24hour function,4051,2006,1000+
"Rose, Juarez and Taylor",kramer-malone.com,info@kramer-malone.com,(300)640-1456x8786,Malawi,https://kramer-malone.com,Iterate,Configurable background database,2948,2003,1000+
Harrison-Simmons,reed.com,info@reed.com,4078064505,Mauritius,https://reed.com,Utilize,Multi-tiered directional synergy,1813,1992,1000+
Grant Inc,mitchell.com,info@mitchell.com,001-435-372-3174x5996,France,https://mitchell.com,Deliver,Inverse holistic focus group,3933,2002,1000+
Arnold Group,glover-thomas.com,info@glover-thomas.com,374-987-6190,Brunei Darussalam,https://glover-thomas.com,Orchestrate,Up-sized discrete model,1695,1989,1000+
Robinson-Sanford,gonzales.com,info@gonzales.com,(590)661-9260,Canada,https://gonzales.com,Empower,Managed incremental time-frame,2950,1989,1000+
Dunn LLC,gonzalez.biz,info@gonzalez.biz,259-539-8858,Bahrain,https://gonzalez.biz,Deploy,Adaptive stable Graphical User Interface,3670,1986,1000+
"Hall, Rodriguez and Walker",white.net,info@white.net,+1-832-848-5771x1002,Syrian Arab Republic,https://white.net,Whiteboard,Centralized logistical conglomeration,2467,2018,1000+
"Thompson, Bishop and Santos",simon.com,info@simon.com,(726)760-5628,Taiwan,https://simon.com,Optimize,Assimilated secondary migration,3343,1980,1000+
"Campos, Hatfield and Hancock",mcfarland-bean.com,info@mcfarland-bean.com,738.377.9245x0904,Antarctica (the territory South of 60 deg S),https://mcfarland-bean.com,Incubate,Realigned leadingedge approach,2147,1984,1000+
Garza LLC,baxter.com,info@baxter.com,(460)728-3597,Portugal,https://baxter.com,Mesh,Open-source tertiary solution,2686,2004,1000+
West-Rose,moon.com,info@moon.com,(777)875-9269x14881,Anguilla,https://moon.com,Redefine,Balanced stable complexity,3235,1978,1000+
Lane-Austin,martinez.com,info@martinez.com,368.547.0619x702,Sweden,https://martinez.com,Exploit,Front-line static info-mediaries,1698,1998,1000+
Delgado-Davis,kirby-hayes.biz,info@kirby-hayes.biz,(315)505-7617,Cook Islands,https://kirby-hayes.biz,Envisioneer,Versatile optimal parallelism,4565,2010,1000+
Evans PLC,alexander.com,info@alexander.com,833.255.8418,Puerto Rico,https://alexander.com,Evolve,Down-sized reciprocal moderator,1295,2021,1000+
Riggs LLC,gomez.net,info@gomez.net,001-541-718-7740,Australia,https://gomez.net,Extend,Distributed needs-based productivity,2421,1972,1000+
"Austin, Chavez and Garcia",choi-mccarthy.com,info@choi-mccarthy.com,667.334.1684x789,Egypt,https://choi-mccarthy.com,Re-intermediate,Advanced analyzing help-desk,1918,2022,1000+
Galvan Ltd,garza-martinez.org,info@garza-martinez.org,001-700-347-7709,Nicaragua,https://garza-martinez.org,Deploy,Self-enabling secondary utilization,3207,1996,1000+
Melton-Rich,wiggins-alvarez.info,info@wiggins-alvarez.info,+1-314-892-2511x7148,Latvia,https://wiggins-alvarez.info,Cultivate,Synergized fault-tolerant benchmark,4988,1976,1000+
Shaffer LLC,miller.com,info@miller.com,4762397469,Lesotho,https://miller.com,Unleash,Cloned transitional info-mediaries,4479,2019,1000+
Pineda-Cabrera,watkins.org,info@watkins.org,(905)948-5869x88685,Guinea,https://watkins.org,Synthesize,Ergonomic needs-based throughput,1608,2003,1000+
"Wong, Lara and Lee",hicks.com,info@hicks.com,+1-982-669-7468,Liberia,https://hicks.com,Transform,Programmable encompassing intranet,1717,1998,1000+
"Hunt, Porter and Guerrero",long.org,info@long.org,862.417.1403,Cyprus,https://long.org,Leverage,Extended multi-state info-mediaries,1336,2000,1000+
"Jackson, Greene and Hawkins",smith-delacruz.com,info@smith-delacruz.com,3888508958,Sri Lanka,https://smith-delacruz.com,Optimize,Polarized leadingedge open architecture,4776,2016,1000+
