name,domain,email,phone,country,website,industry,catch_phrase,employees_count,founded_year
"Carter, Wood and Wells",butler.org,info@butler.org,834.972.3686,United States Virgin Islands,https://butler.org,Target,Extended national Internet solution,1159,1985
Vargas-Stafford,cox.com,info@cox.com,001-446-392-3457,South Georgia and the South Sandwich Islands,https://cox.com,Morph,Versatile systemic frame,1976,2010
"Foster, Schultz and Johnson",villanueva.com,info@villanueva.com,+1-320-736-8952x7686,Palau,https://villanueva.com,Synthesize,Object-based discrete paradigm,1075,1982
Barber Inc,leon.net,info@leon.net,+1-579-321-1555x8900,Puerto Rico,https://leon.net,Iterate,Total multimedia open architecture,3938,2013
"Sloan, Donovan and Rivera",fields.com,info@fields.com,001-262-290-5319x820,Russian Federation,https://fields.com,Innovate,Monitored web-enabled benchmark,3199,1987
Wilson Ltd,cox.biz,info@cox.biz,(644)817-7146x92202,Pakistan,https://cox.biz,Repurpose,Programmable 24hour focus group,742,2023
"Ryan, Lambert and Elliott",jordan.com,info@jordan.com,566-206-3438x148,Algeria,https://jordan.com,Monetize,Synergistic incremental migration,3521,2010
Nguyen-Boyer,williams.com,info@williams.com,(864)481-9989x29266,Falkland Islands (Malvinas),https://williams.com,Implement,Devolved discrete frame,3075,1976
Osborn-Ortiz,ryan.com,info@ryan.com,9525585730,Faroe Islands,https://ryan.com,Unleash,Cross-group multi-state adapter,1940,1985
"Stanton, Hicks and Chen",ford.com,info@ford.com,290.661.8223,Guam,https://ford.com,E-enable,Expanded systematic architecture,191,2010
Wilson-Johnson,hernandez-luna.com,info@hernandez-luna.com,001-230-447-8714x82694,Myanmar,https://hernandez-luna.com,Scale,Synergized radical standardization,86,1988
Moore and Sons,taylor.com,info@taylor.com,(730)875-3728x0682,Cape Verde,https://taylor.com,Leverage,Face-to-face disintermediate array,1179,1996
Murphy Ltd,burns-fitzgerald.com,info@burns-fitzgerald.com,001-307-268-9317x079,Western Sahara,https://burns-fitzgerald.com,Maximize,Enhanced leadingedge artificial intelligence,3118,2015
"Allen, Obrien and Jones",miller.info,info@miller.info,823-386-7156x41347,Libyan Arab Jamahiriya,https://miller.info,Streamline,Upgradable tangible contingency,3578,1983
Ramirez-Shah,barrett.biz,info@barrett.biz,9888165263,Cote d'Ivoire,https://barrett.biz,Optimize,Future-proofed zero administration frame,3653,2009
Castro Ltd,mendoza.net,info@mendoza.net,899-738-8598x9599,Algeria,https://mendoza.net,Productize,Exclusive zero-defect definition,3786,2005
Kennedy-Lewis,williams.com,info@williams.com,001-347-259-8591x5911,Georgia,https://williams.com,Exploit,Self-enabling systematic implementation,888,2022
Castillo Inc,kelly.com,info@kelly.com,001-960-698-1704x3583,Andorra,https://kelly.com,Syndicate,Visionary clear-thinking middleware,2200,1992
"Thomas, Nelson and Trujillo",mosley.info,info@mosley.info,231-646-8677x799,Indonesia,https://mosley.info,Reinvent,Down-sized tertiary instruction set,3445,1984
Whitney-Gilmore,holt.com,info@holt.com,979.333.7631x0682,Albania,https://holt.com,Repurpose,Focused intangible paradigm,941,2008
Russell Group,lopez.org,info@lopez.org,(928)917-1078x961,Belgium,https://lopez.org,Engage,Total hybrid paradigm,3240,1982
Becker-Butler,martinez.com,info@martinez.com,001-451-885-0873x3206,Venezuela,https://martinez.com,Redefine,Fully-configurable context-sensitive time-frame,2470,1984
"Reyes, Sims and Gillespie",hicks.com,info@hicks.com,+1-749-209-0929x365,Maldives,https://hicks.com,Engineer,Extended real-time installation,2319,2019
Nguyen Group,floyd-byrd.info,info@floyd-byrd.info,(676)477-5600x3466,Tonga,https://floyd-byrd.info,Engage,Adaptive mission-critical secured line,2175,1995
"Gomez, Sparks and Lewis",robinson-tate.org,info@robinson-tate.org,(491)501-0645x95604,Bahamas,https://robinson-tate.org,Transition,Enterprise-wide dedicated architecture,1979,1995
"Hernandez, Murphy and Bennett",graves-rivera.com,info@graves-rivera.com,269.614.8322x697,Andorra,https://graves-rivera.com,Optimize,Profit-focused mobile support,1910,1989
Norris-Gonzalez,hart.com,info@hart.com,218-393-1625x9008,New Caledonia,https://hart.com,Enhance,Organized intangible customer loyalty,27,2019
Eaton-Reynolds,case-woods.com,info@case-woods.com,001-788-923-9006x5521,Botswana,https://case-woods.com,Morph,Enterprise-wide cohesive productivity,3509,1978
Lawrence Inc,lopez.com,info@lopez.com,001-712-442-6992x417,Guatemala,https://lopez.com,Implement,Right-sized human-resource software,4290,1995
Garcia-Rios,salinas.com,info@salinas.com,(335)328-4474x03684,American Samoa,https://salinas.com,Facilitate,Visionary upward-trending customer loyalty,899,2010
"Carter, Jones and Nichols",li.com,info@li.com,207.827.2326,Qatar,https://li.com,Leverage,Automated 3rdgeneration focus group,4142,2015
Barrett-Evans,boyd.com,info@boyd.com,001-892-442-3211x879,Sierra Leone,https://boyd.com,Engage,Switchable exuding orchestration,4222,1987
"Murray, Lyons and Erickson",fernandez.biz,info@fernandez.biz,4177702670,Canada,https://fernandez.biz,Syndicate,Balanced tertiary protocol,2948,2006
Davis Inc,miller.com,info@miller.com,730.434.4143x914,Northern Mariana Islands,https://miller.com,Orchestrate,Programmable responsive Graphic Interface,1052,2020
Garcia Ltd,hall.net,info@hall.net,430.505.6984x1093,Costa Rica,https://hall.net,Envisioneer,Optional fresh-thinking focus group,188,1973
Ortega-Ferguson,baker.com,info@baker.com,001-276-883-3592x5573,Norfolk Island,https://baker.com,Empower,Multi-tiered heuristic focus group,2662,1980
Myers Inc,rodgers.com,info@rodgers.com,001-456-327-0504x83782,Antarctica (the territory South of 60 deg S),https://rodgers.com,Envisioneer,Multi-tiered regional initiative,1867,1989
"Chang, Stone and Rowe",turner.com,info@turner.com,+1-823-822-0511x8369,Armenia,https://turner.com,Enhance,Self-enabling tangible artificial intelligence,4881,2011
Hughes-Hall,haley.com,info@haley.com,+1-970-714-5214x812,Taiwan,https://haley.com,Leverage,Visionary intangible protocol,1689,1983
"Castillo, Rodriguez and Mccoy",moore-barker.biz,info@moore-barker.biz,(269)552-4193x915,Zambia,https://moore-barker.biz,Drive,Right-sized multimedia secured line,3112,1983
"Obrien, Richardson and Frye",salazar.com,info@salazar.com,555-947-5639,Heard Island and McDonald Islands,https://salazar.com,Embrace,Devolved multi-tasking instruction set,3730,1985
"Bates, Pitts and Harris",cook-torres.com,info@cook-torres.com,860.856.1973x6684,Bermuda,https://cook-torres.com,Monetize,Inverse background structure,4062,1977
Williams-Blanchard,gross.com,info@gross.com,001-977-844-6652,Antigua and Barbuda,https://gross.com,Engineer,Profit-focused multi-state Internet solution,2633,2013
"Merritt, Ramirez and Brown",molina.com,info@molina.com,211.856.1046x2724,Kazakhstan,https://molina.com,Transform,Customizable uniform groupware,566,2022
Nixon-Baldwin,newton.info,info@newton.info,+1-914-879-5634x0430,Burundi,https://newton.info,Leverage,Stand-alone neutral monitoring,2088,1982
Collins PLC,bryant-brown.com,info@bryant-brown.com,723-258-4564x750,Antarctica (the territory South of 60 deg S),https://bryant-brown.com,Implement,Up-sized zero tolerance frame,2835,2013
"Lambert, Harrell and Pena",collins.com,info@collins.com,001-820-619-5319x07758,Guatemala,https://collins.com,Monetize,Robust well-modulated archive,3073,2010
Jackson-Brown,chandler-tucker.com,info@chandler-tucker.com,(597)914-0673x24271,Angola,https://chandler-tucker.com,Utilize,Streamlined client-server encryption,644,2023
Martinez Inc,williams-tanner.info,info@williams-tanner.info,+1-267-812-7313x2738,Nicaragua,https://williams-tanner.info,E-enable,Distributed demand-driven knowledgebase,4380,1972
Wells-Reyes,santana.info,info@santana.info,731-908-3179x77742,American Samoa,https://santana.info,Engineer,Polarized context-sensitive product,1569,1987
Bruce-Dunn,russo.biz,info@russo.biz,557.542.5184,Lao People's Democratic Republic,https://russo.biz,Envisioneer,Persistent upward-trending moderator,1924,2005
"Yu, Walker and Martinez",phillips.info,info@phillips.info,775.766.5306x061,Moldova,https://phillips.info,Deploy,Integrated secondary implementation,1158,2013
Brady-Rodriguez,white-buchanan.biz,info@white-buchanan.biz,+1-848-528-1449,Sao Tome and Principe,https://white-buchanan.biz,Aggregate,Optimized maximized monitoring,4410,2020
Wilson Group,jones.com,info@jones.com,783.370.6238x0486,Croatia,https://jones.com,Synthesize,Business-focused mobile process improvement,2696,1979
Bishop Group,gardner.com,info@gardner.com,+1-718-410-1234x70841,Japan,https://gardner.com,Utilize,Object-based analyzing Graphical User Interface,378,2002
Thomas-Pugh,ramos.com,info@ramos.com,001-388-303-4866,North Macedonia,https://ramos.com,Reinvent,Grass-roots background monitoring,1228,2011
"Bates, Taylor and Wilkerson",alvarez-garcia.com,info@alvarez-garcia.com,456.357.0903x2843,Angola,https://alvarez-garcia.com,Seize,Visionary client-driven Internet solution,4817,1985
Collins and Sons,ruiz.com,info@ruiz.com,+1-625-402-6377x5025,Yemen,https://ruiz.com,Transform,Profound 4thgeneration array,73,2016
Johnson-Gomez,stephenson.com,info@stephenson.com,545.301.3290,Guernsey,https://stephenson.com,Productize,Cross-platform systematic archive,1980,2006
Jones and Sons,flowers.com,info@flowers.com,4656731050,Saint Kitts and Nevis,https://flowers.com,Repurpose,Open-source bottom-line structure,56,1999
Marks-Allen,barnes.com,info@barnes.com,+1-411-347-7640,Gibraltar,https://barnes.com,Strategize,Up-sized responsive workforce,829,1973
Martin-Turner,pierce-hunt.org,info@pierce-hunt.org,6909587816,Martinique,https://pierce-hunt.org,Morph,Reverse-engineered responsive process improvement,4381,2013
"Grant, Mayo and Cline",alexander.com,info@alexander.com,(734)995-3131,Chad,https://alexander.com,Innovate,Universal background analyzer,3752,1975
Wilcox-Schwartz,schneider.com,info@schneider.com,420-277-0131,Australia,https://schneider.com,Monetize,Reduced solution-oriented contingency,4660,2014
"Cuevas, Day and Rodriguez",chandler-woods.com,info@chandler-woods.com,570.775.3981x9404,Nepal,https://chandler-woods.com,Embrace,Synchronized actuating challenge,4652,1975
Norris and Sons,villa-baker.com,info@villa-baker.com,001-652-292-6701,Kenya,https://villa-baker.com,Re-contextualize,Profit-focused 24hour strategy,4254,1975
Tran LLC,cruz.com,info@cruz.com,700-353-3312,Albania,https://cruz.com,Enable,Centralized tertiary website,4314,2006
Avila-Mills,marquez.net,info@marquez.net,9678294384,Tunisia,https://marquez.net,Maximize,Profit-focused interactive budgetary management,1259,2006
"Graham, Ross and Lee",gomez-abbott.com,info@gomez-abbott.com,510.339.3683,Christmas Island,https://gomez-abbott.com,Engage,Stand-alone asymmetric protocol,3537,2001
"Lopez, Schneider and Faulkner",mueller.com,info@mueller.com,202-432-3387,Christmas Island,https://mueller.com,Deliver,User-centric upward-trending collaboration,1978,1974
Williams-Johnson,owens-harris.com,info@owens-harris.com,877.324.9288x673,Togo,https://owens-harris.com,Visualize,Function-based secondary groupware,2027,2018
"Thomas, Moore and Peters",davis.org,info@davis.org,(805)494-7571,Serbia,https://davis.org,Innovate,Re-engineered clear-thinking methodology,2173,2025
"Palmer, Lopez and Friedman",chen.net,info@chen.net,+1-891-487-1881x5624,Samoa,https://chen.net,Deploy,Sharable discrete adapter,875,2012
Brooks Group,zamora.biz,info@zamora.biz,293-773-9195,Cameroon,https://zamora.biz,Architect,Cross-platform reciprocal support,243,2012
Wade-Morris,parker-gillespie.com,info@parker-gillespie.com,001-351-840-1099x457,Cambodia,https://parker-gillespie.com,Re-contextualize,Managed intangible capability,540,2014
"Schwartz, Powell and Alvarado",beck-russell.com,info@beck-russell.com,917.750.0611x4407,Guinea,https://beck-russell.com,Implement,Devolved methodical database,3332,2000
"Mason, Mendoza and Mejia",potts-adams.com,info@potts-adams.com,2017313103,Saint Kitts and Nevis,https://potts-adams.com,Synthesize,Customizable mission-critical methodology,1807,2015
Burke-Davidson,lopez.biz,info@lopez.biz,(356)602-2066x5973,Canada,https://lopez.biz,Deploy,Decentralized dynamic structure,1741,1980
Dougherty LLC,bowman.com,info@bowman.com,(954)610-3542x167,Christmas Island,https://bowman.com,Extend,Re-engineered holistic strategy,526,2012
"Anderson, Woodard and Walton",anderson.com,info@anderson.com,942-887-1979x42460,Algeria,https://anderson.com,Enable,Self-enabling heuristic structure,860,1993
Kelly and Sons,evans.com,info@evans.com,(634)312-9417,Switzerland,https://evans.com,Synergize,Customizable value-added Graphic Interface,3450,2023
"Johnson, Wilson and Chen",clark-owens.com,info@clark-owens.com,001-899-892-1179x864,Guadeloupe,https://clark-owens.com,Incentivize,Profit-focused radical time-frame,2589,1991
Thomas-Diaz,allen.com,info@allen.com,001-730-449-7106x82176,Brunei Darussalam,https://allen.com,Extend,Organized discrete instruction set,4217,1977
Morgan-Johnson,andrade-adams.com,info@andrade-adams.com,001-530-745-0906x0595,Sudan,https://andrade-adams.com,Exploit,Intuitive uniform orchestration,1054,1989
Henson and Sons,miller-gordon.info,info@miller-gordon.info,(910)632-4162,Panama,https://miller-gordon.info,Leverage,Ameliorated discrete toolset,562,2022
"Murphy, Parker and Buckley",mejia.com,info@mejia.com,(206)374-5235x4355,Kazakhstan,https://mejia.com,Generate,Re-contextualized leadingedge data-warehouse,3469,1982
"Sanchez, Maynard and Russell",wells-lopez.com,info@wells-lopez.com,(249)669-5782x85548,Montserrat,https://wells-lopez.com,Unleash,User-centric grid-enabled open system,1104,2021
"Garcia, Mcgrath and Hendricks",ellis-collins.net,info@ellis-collins.net,(840)410-0319x223,Cuba,https://ellis-collins.net,Target,Open-architected 6thgeneration instruction set,1390,2025
Wilson-Graham,coleman.net,info@coleman.net,921-945-2996,Ecuador,https://coleman.net,Incentivize,Customer-focused context-sensitive secured line,1412,1999
"Garcia, Taylor and Thomas",daniel.net,info@daniel.net,+1-481-261-9462x520,France,https://daniel.net,Embrace,Automated actuating standardization,3176,1983
"Gordon, Bennett and Zimmerman",johnson.com,info@johnson.com,001-918-926-5966,Lithuania,https://johnson.com,Morph,Integrated asynchronous website,1426,2001
Simpson Inc,mcintosh-walton.biz,info@mcintosh-walton.biz,001-334-709-3017,Togo,https://mcintosh-walton.biz,Productize,Vision-oriented directional moratorium,1027,2007
Murphy Group,edwards.biz,info@edwards.biz,+1-849-747-0968x5351,Ireland,https://edwards.biz,Facilitate,Mandatory maximized groupware,4307,2002
"Leonard, Ramirez and Glover",johnson.com,info@johnson.com,+1-462-997-5007x010,Vietnam,https://johnson.com,Transform,Ameliorated hybrid methodology,4911,2020
"Allen, Smith and Velasquez",casey.com,info@casey.com,001-812-569-0358x435,Djibouti,https://casey.com,Whiteboard,Public-key high-level intranet,4706,1980
Rivera and Sons,morales.info,info@morales.info,001-939-926-2253x78165,Thailand,https://morales.info,Utilize,Integrated user-facing workforce,1951,2009
Perez-Berry,johnson-gilbert.com,info@johnson-gilbert.com,+1-551-653-0443x7146,Bahamas,https://johnson-gilbert.com,Grow,Triple-buffered foreground pricing structure,641,2016
Armstrong-Hernandez,ward.com,info@ward.com,+1-971-320-1156x289,Armenia,https://ward.com,Engage,Operative fresh-thinking algorithm,3160,1994
Thompson Inc,robles.com,info@robles.com,001-865-214-3407,United Arab Emirates,https://robles.com,Expedite,Switchable global framework,4156,2011
Rodriguez Ltd,gardner.biz,info@gardner.biz,6212685447,Liberia,https://gardner.biz,Target,Versatile heuristic paradigm,3351,2015
