firstname,lastname,email,phone,address,city,country
Makayla,Rodriguez,annenelson@gmail.com,001-574-261-4029,939 Charlotte Pines,Port Michael,Ukraine
Zachary,Nicholson,perezbrenda@gmail.com,3656535543,4439 Andrew Mountain Suite 107,New Danmouth,Qatar
Kevin,Rogers,cheryl51@gmail.com,686-226-6291,896 Nicholas Canyon Suite 437,South Olivia,Cyprus
Cassandra,Kim,martinsamantha@gmail.com,477-212-0960x801,537 Macias Gateway,Port Ethan,Cook Islands
Lisa,Reynolds,andrew82@yahoo.com,205-978-3891,53385 Christopher Creek,Jeffersonstad,Malawi
Emily,Hill,austinchen@hotmail.com,+1-714-687-4121x8991,51084 Pittman Skyway Apt. 544,South Angel,Pitcairn Islands
Christine,Padilla,isabellacobb@hotmail.com,223.735.5027x2401,24783 Hernandez Avenue,East Anthony,Romania
Tara,Mason,frobinson@gmail.com,817.890.6855,19022 Davis Circles Apt. 555,Lake Sandy,Costa Rica
Audrey,Watts,jjackson@yahoo.com,850-712-4223x7244,8473 Ronald Burgs,New Kenneth,Cook Islands
Michael,Collier,vincent71@hotmail.com,+1-671-391-4322x275,2131 Bruce Radial,New Christophertown,Gabon
Christie,Howe,campbellstacey@yahoo.com,643.603.4043x382,28759 Robin Corners Suite 237,Rosariomouth,Spain
Joseph,Harris,kristinhughes@gmail.com,811.471.8085x118,05419 James Camp Suite 056,West Steven,Martinique
Kurt,Gonzales,marcriley@gmail.com,001-691-765-6450,1836 Myers Stream Apt. 399,North Robert,Mayotte
Joe,Carr,jsuarez@yahoo.com,647.674.1367x9787,266 Wayne Extension,Port Christopher,Guinea-Bissau
Erika,Green,martinezbethany@hotmail.com,3002904524,2897 Monica Fort Apt. 256,Lake Pamelachester,Latvia
Keith,Watts,garciajennifer@hotmail.com,783.708.9918x58562,136 Cabrera Row Apt. 230,Rachelfort,Wallis and Futuna
Miranda,Martinez,ashleynelson@hotmail.com,001-994-349-0385x298,0036 Rachel Shoal,Davidfurt,Timor-Leste
Audrey,Morales,cindycannon@gmail.com,+1-625-409-1327x274,832 Campos Points Suite 947,Port Katrina,Netherlands
Mary,Ferrell,mackenzie05@gmail.com,(595)202-7130x152,668 Abigail Well,New Samanthachester,Rwanda
Donald,Harris,jacobestes@gmail.com,513-412-7743x85409,409 Sexton Canyon,Torresside,Kyrgyz Republic
Patricia,Wright,glasskelsey@hotmail.com,001-892-213-7349x75289,233 Paul Plain,Philipside,Guyana
Michael,Villegas,kristinanolan@hotmail.com,001-270-222-5246x0951,960 Brandon Track Apt. 601,Dylanville,Pitcairn Islands
Anthony,Garcia,thomas61@yahoo.com,584.837.9629x798,60495 Acosta Mews Suite 735,East David,Rwanda
Elizabeth,Faulkner,browngreg@gmail.com,(262)233-4718x6583,31900 Reed Mills,South Christie,Philippines
Sharon,Bennett,valentinelaura@gmail.com,001-671-718-7201x497,7896 Durham Turnpike,West Dennis,South Georgia and the South Sandwich Islands
Lori,Carter,gvargas@yahoo.com,236-294-0749,18308 Carl Mission,South Traci,Vietnam
Christopher,Mccormick,qperez@hotmail.com,+1-704-488-6887x35057,273 Kristine Port,Benjamintown,Egypt
Christine,Barrera,cjones@yahoo.com,778-875-2006x6660,004 Leslie Vista,Danielton,Haiti
Craig,Gilmore,jameseaton@gmail.com,205.303.6786,26881 Norton Mount,Ashleefort,Ireland
Carlos,Williams,stephaniehouston@hotmail.com,001-604-544-2261,78042 Hall Mission Suite 245,Woodsberg,Brazil
Richard,Wilson,katherinehill@hotmail.com,682-829-3201x6934,0298 Miller Passage,Robinsonfort,Singapore
Michael,Christian,morganjasmine@yahoo.com,834.728.0817x5492,190 Kimberly Lakes Suite 591,East Kathyville,Palestinian Territory
Don,Smith,ginanichols@yahoo.com,943-571-2823,035 Lang Shores Apt. 093,Hamiltonbury,Wallis and Futuna
Damon,Riley,smcguire@yahoo.com,(676)255-0457x988,7925 Kim Hills Suite 842,West Lauriehaven,Sudan
Mark,Gates,ramirezkatherine@gmail.com,001-674-876-4005,1679 Nichols Cliffs,Port Travisshire,Saint Kitts and Nevis
Brenda,Collins,rachelroth@gmail.com,(901)846-9479x11507,258 Davis Summit,New Charles,Western Sahara
Nicholas,Mcintyre,krice@gmail.com,452.582.5748,096 Berg Brook,Port Jonathan,Russian Federation
Joe,Allen,parkermaria@gmail.com,+1-377-584-0388,61836 Watson Orchard,Wagnerfurt,Falkland Islands (Malvinas)
Danielle,Simpson,ericksonbetty@hotmail.com,+1-435-681-2872x5948,43445 Suarez Canyon Suite 121,Port Michaelmouth,Liechtenstein
Jacob,Wilson,desiree69@hotmail.com,746-880-2257x8385,7763 Graham Harbor Apt. 024,Robertsonmouth,Bahrain
Sheena,Castillo,thomaswalsh@hotmail.com,(412)202-3298,4958 Levine Ranch Apt. 898,East Kenneth,Ecuador
John,Walter,katherineibarra@hotmail.com,001-382-691-8811x9990,7879 Glenda Bypass,Wuport,Bhutan
Teresa,Green,wcalhoun@yahoo.com,001-390-239-3515x26574,4121 Christopher Plaza,North Maryside,Bosnia and Herzegovina
Kelly,Adams,eallen@yahoo.com,+1-936-754-7951x1371,0991 Pamela Trail Apt. 548,Randychester,Qatar
Denise,Duffy,kelly36@gmail.com,562-816-4532x660,5378 Ramos Common Apt. 243,Port Brianborough,Sudan
David,Hinton,baileyemily@hotmail.com,5597133082,55940 Pierce Lock Suite 593,East Stephen,Vanuatu
Carol,Hood,montoyaryan@gmail.com,260.992.9970x6921,04376 Caldwell Lake Apt. 857,Andersonview,Belarus
Chelsea,White,levimendoza@yahoo.com,509.985.5727,205 Kathryn Springs Apt. 858,West Maureen,Costa Rica
Rodney,Thomas,stephanie85@yahoo.com,951-252-8171,122 Douglas Port,South Brenda,Bhutan
Gabrielle,Todd,laurarobinson@gmail.com,(264)770-5405x7535,64275 Daniel Station Apt. 279,North Jenniferfurt,United States of America
Nancy,Hart,phunter@gmail.com,697.796.6729x5116,151 Henry Route,Watkinsborough,Philippines
Julie,Ward,fhebert@yahoo.com,(932)404-3019x24970,06746 Myers Key,Johnfort,Haiti
Edward,Atkins,alexandriacampbell@gmail.com,3145121192,81208 Dyer Divide Apt. 664,West Brandon,Afghanistan
David,Marks,emarshall@hotmail.com,(449)530-8620x875,0466 Gerald Knoll,West Joemouth,New Caledonia
Spencer,Lowe,edward90@hotmail.com,656.223.8395,72406 Smith Forest,Christophershire,Congo
Joshua,Colon,stephen56@gmail.com,(232)211-6985x1401,09226 Jeffrey Squares,Port Donaldstad,Zambia
Eric,Carter,ruizchristopher@gmail.com,(809)979-7069,3564 Price Common,Kellymouth,Luxembourg
Elizabeth,Beasley,tanyakane@hotmail.com,001-758-242-1155x37818,612 Ashley Roads Suite 896,Jacksonville,Saint Barthelemy
Denise,Pittman,heidipope@yahoo.com,(347)663-9739,91524 Anderson View Apt. 143,North Kathleenfurt,Serbia
Thomas,Snyder,beth44@yahoo.com,(604)221-3453x324,41587 Veronica Common,West Kennethchester,Denmark
Kelly,Lyons,martinezrebecca@gmail.com,959.791.0483,50741 David Parks Apt. 583,Port Sabrinaland,Bulgaria
Michelle,Thomas,osanders@yahoo.com,001-266-895-6878,05863 Steele Manors,Toddhaven,Swaziland
Samuel,Castillo,gregorykrueger@hotmail.com,+1-407-566-5444,390 Jessica Extensions,South Derrick,Moldova
Maria,Mitchell,reynoldsjoanne@yahoo.com,001-448-987-9474x6136,93448 Roach Turnpike Suite 649,Rickyport,Taiwan
Thomas,Jones,gallaghermichael@hotmail.com,+1-907-949-3831x962,99956 Brandon Stravenue,Kaylastad,Faroe Islands
Bonnie,Fowler,sedwards@gmail.com,699-316-0443,42337 Carol Roads Apt. 019,South Bethville,Norfolk Island
David,Peterson,brittney73@yahoo.com,+1-469-713-7764,101 Steven Glens,Michellechester,El Salvador
Heather,Ramos,robertsgary@gmail.com,4709121039,389 Bradshaw Plain Suite 566,Harrisport,Sudan
Taylor,Smith,tdecker@yahoo.com,649-566-9870x0887,918 Kathleen Forks Apt. 871,Port Joshua,Zambia
Jenna,Reed,kenneth16@gmail.com,676.408.7844x8470,0901 Zimmerman Stream,West Brandimouth,Australia
Carolyn,Hunt,michaeljohnson@yahoo.com,001-554-464-3381,28870 Tiffany Hill,Morganland,Nepal
Christopher,Rush,higginsshane@hotmail.com,+1-696-230-8610x7916,54846 Zachary Cove Apt. 614,Phillipsburgh,Panama
Shawn,Thompson,barkernicholas@hotmail.com,+1-549-293-9996x63914,6469 Montoya Glen Apt. 978,West Joseph,Angola
Tracy,Sharp,ronald56@yahoo.com,001-270-592-8896x954,6853 Mary Hollow,West Michaelview,Malaysia
Kenneth,Stone,vgamble@hotmail.com,+1-606-260-2945x052,916 Carter Land,Teresaland,Bahamas
Monica,Dixon,brownangela@gmail.com,953-992-9864x645,446 Lawrence Drive,Coxland,Guatemala
David,Gibbs,wendyjones@hotmail.com,5627157248,9889 Martinez Courts Suite 229,New Brittanyfurt,Pitcairn Islands
Raven,Boyd,yavila@hotmail.com,781-758-4836x611,813 Lucas Mountains,Jensenfurt,Austria
Joseph,Mejia,baileyjean@hotmail.com,+1-949-765-8680x6858,2176 Brown Groves Suite 096,West Theresa,Tanzania
Steven,Johnson,whitemichael@yahoo.com,340-344-9077x49506,5754 Susan Square Suite 231,Castilloborough,United States Virgin Islands
Sabrina,Moyer,ejones@hotmail.com,(446)579-0036x14814,1421 Kyle Spur Suite 343,Mitchellfort,Azerbaijan
Christina,Fletcher,lucasrobert@gmail.com,502.241.9357x0961,147 Kara Forks,Campbellstad,Guatemala
Denise,Cantu,gileschristopher@hotmail.com,925.504.6821,08680 Nicholas Motorway,Janehaven,Algeria
Henry,Weber,eburns@hotmail.com,914-601-9257,138 Christina Overpass,Priceport,Taiwan
Lisa,Petersen,robert31@hotmail.com,+1-453-614-3306x678,234 Moody Roads Suite 872,Lindamouth,Qatar
Shawn,Powell,knightrobert@yahoo.com,357-361-7535x06400,4676 Janet Ports,South Mark,Marshall Islands
William,Garcia,christinarangel@gmail.com,+1-711-280-0955x639,7023 Dawn Corners Suite 159,East Sarah,Montserrat
Kevin,Valencia,michael30@hotmail.com,+1-706-934-8126x8354,154 Jerry Wall,Weaverbury,Jordan
Billy,Townsend,sclark@hotmail.com,+1-873-387-8849x71158,9212 Brown Highway Suite 195,East Daniel,Aruba
Melanie,Bryant,fergusonanna@gmail.com,862-538-2534x943,2870 Bell Estate Apt. 307,Lake Beth,Marshall Islands
Gary,Green,susan46@gmail.com,491.803.9363x3376,578 Murphy Underpass,Deannastad,Saint Barthelemy
David,Francis,christiebowman@hotmail.com,811.404.6123,656 Rubio Branch Apt. 883,Susanmouth,Switzerland
Deborah,Ross,kennedybryan@gmail.com,001-532-486-6340x3447,10588 Welch Falls,Mandyfort,Canada
Savannah,Bradley,debra39@hotmail.com,(375)212-7037x6981,2264 Rollins Expressway Suite 573,East Casey,Russian Federation
Jason,Fletcher,jacksonrachel@gmail.com,001-499-567-9153x17182,2788 Richard Mall,South Travisborough,Kiribati
Sonya,Lopez,cabrerachelsea@hotmail.com,200.982.5855x732,5489 Melissa Lock,New Patrickberg,Tonga
Christopher,Roberts,villagwendolyn@yahoo.com,(611)861-7323x69349,11253 John Lock,Martinstad,United States Virgin Islands
Jacqueline,Young,simpsongregory@hotmail.com,(792)240-3335x918,55847 Misty Fields Suite 720,South Brookemouth,Gibraltar
Susan,Taylor,jessica59@gmail.com,767.806.0414x09082,84916 Katie Pine,Port Michellebury,Myanmar
Michael,Griffin,christina17@gmail.com,712-431-6512,349 Alison Shoal,New Angelica,Bermuda
